<?xml version="1.0" encoding="UTF-8"?>
<?xml-model href="https://raw.githubusercontent.com/dig-eg-gaz/resources/master/out/egSchema.rnc" type="application/relax-ng-compact-syntax"?>
<TEI xmlns="http://www.tei-c.org/ns/1.0">
    <teiHeader>
        <fileDesc>
            <titleStmt>
                <title level="m" type="main">Digital Egyptian Gazette</title>
                <title level="m" type="sub">An encoded transcription</title>
                <editor>Aliza Anderson</editor>
                <principal>Will Hanley</principal>
            </titleStmt>
            <editionStmt>
                <edition>
                    <date when="2017-01-18">January 18, 2017</date>
                </edition>
            </editionStmt>
            <publicationStmt>
                <publisher>FSU University Libraries</publisher>
                <pubPlace>Tallahassee, FL</pubPlace>
            </publicationStmt>
            <sourceDesc>
                <bibl>
                    <title>The Egyptian Gazette</title>
                    <date when="1906-09-24">September 24, 1906</date>
                </bibl>
            </sourceDesc>
        </fileDesc>
    </teiHeader>
    <text/>
            <div type="page" n="1">
                <div type="masthead">
                    <head>THE EGYPTIAN GAZETTE</head>
                    <head type="sub">No. <measure quantity="7566">7,566</measure>] ALEXANDRIA, MONDAY, SEPTEMBER 24, 1906. [SIX PAGES P.T.
                        1. </head>
                </div><!-- Peninsular and Oriental Advertisement *Need New Template* -->
                <div type="section" scope="advertisement"> 
                    <cols n="3"/>
                    <cb n="1"/><div type="item" scope="advertisement" xml:id="deg-ad-etc01">
                        <head>The Eastern Telegraph Company, Limited.</head>
                        <p>This Company's system of submarine telegraph <lb/>cables is the most direct and
                            quickest means of <lb/>communication from Egypt to Europe, North and <lb/>South America,
                            East, South and West Africa, <lb/>India, Australia, New Zealand, China and Japan.</p>
                        <p>To secure quick transmission, telegrams should <lb/>be marked <hi>Via Eastern.</hi></p>
                        <p>For latest average time to London, see daily <lb/>bulletin in this paper.</p>
                        <p>STATIONS IN EGYPT: Alexandria, Cairo, <lb/>Suez, Port-Tewfik, Port-Saïd, Suakin. Head
                            <lb/>Office. London.</p>
                    </div></div>
                <div type="item" scope="advertisement" xml:id="deg-ad-orm01">
                    <head>Orient-Royal Mail Line.</head>
                    <p>OUTWARD to AUSTRALIA.</p>
                    <p><name>R.M.S. “Oruba"</name> will leave Suez about <date when="1906-10-05">October 5</date></p>
                    <p><name>R.M.S "Ophir"</name> will leave Suez about <date when="1906-10-19">October 19</date>.</p>
                    <p>HOMEWARD to NAPLES, MARSEILLES, GIBRALTAR, PLYMOUTH, LONDON, TILBURY.</p>
                    <p><name>R.M.S. "Ortona"</name> will leave Port Said <date when="1906-10-23"
                            >September 25</date></p>
                    <p><name>R.M.S. “Oroya"</name> will leave Port Said <date when="1905-10-08">October 8</date></p>
                    <table>
                        <row>
                            <cell rows="3">Summer Fares</cell>
                            <cell>Port-Said to Marseilles</cell>
                            <cell>1st Class</cell>
                            <cell>£ 9.15.</cell>
                            <cell>2nd Class</cell>
                            <cell>£ 6.15.</cell>
                            <cell>3rd Class</cell>
                            <cell>£ 5.</cell>
                        </row>
                        <row>
                            <cell>Port-Said to Plymouth or Tilbury</cell>
                            <cell>1st Class</cell>
                            <cell>£ 14.5.</cell>
                            <cell>2nd Class</cell>
                            <cell>£ 9. 0.</cell>
                            <cell>3rd Class</cell>
                            <cell>£ 7.</cell>
                        </row>
                        <row>
                            <cell>Port-Said to Naples</cell>
                            <cell>1st Class</cell>
                            <cell>£ 8. 0.</cell>
                            <cell>2nd Class</cell>
                            <cell>£ 5.10.</cell>
                            <cell>3rd Class</cell>
                            <cell>£ 4.</cell>
                        </row>
                    </table>
                    <p>Passengers returning by the Line obtain one-third rebate off the above fares if
                        leaving England before the end of October.</p>
                    <p>Agents. Cairo:—Thos. Cook &amp; Son. Alexandria : —R. J. Moss &amp; Co.—For all
                        particulars apply</p>
                    <p>Wm. STAPLEDON &amp; Sons, PORT SAID and PORT-TEWFIK (Suez). 31-12-906</p>
                </div><div type="item" scope="advertisement" xml:id="deg-ad-blm02">
                    <head>BIBBY LINE MAIL TWIN-SCREW STEAMERS.</head>
                    <p>REDUCED SUMMER FARES MAY TO OCTOBER.</p>
                    <p>Port Said to Tilbury £ 12.15.0. and Port Said to Marseilles £ 9.0.0.</p>
                    <p>Passengers returning by the Line will be granted a rebate of 33% off the full
                        fare i.e. Liverpool to Port Said £ 11.6.8. and Marseilles to Port Said £
                        8.0.0.</p>
                    <p>OUTWARDS to COLOMBO, TUTICORIN, RANGOON. Departure from Suez.</p>
                    <p><name>S.S. Herefordshire</name>
                        <measure quantity="7182" unit="ton">6005</measure> tons, <date
                            when="1906-10-11">Sept. 27</date>.</p>
                    <p>HOMEWARDS to MARSEILLES and LONDON. Departures from Port Said.</p>
                    <p><name>S.S. Cheshire</name>
                        <measure quantity="5775" unit="ton">5,775 tons</measure>, <date
                            when="1906-10-01">October 1</date>.</p>
                    <p>Agents– Cairo: THOS. COOK &amp; SON. Suez &amp; Port Said : WM. STAPLEDON &amp;
                        SONS,</p>
                    <p>31-12-906</p>
                </div><div type="item" scope="advertisement" xml:id="deg-ad-kml01">
                    <head>KHEDIVIAL MAIL LINE.</head>
                    <p><hi rend="bold">FAST BRITISH PASSENGER STEAMERS</hi></p>
                    <p><hi rend="bold">GREECE - TURKEY LINE.</hi></p>
                    <p>Express Steamers leave Alexandria every Wednesday at 4 p.m. for PIRAEUS, SMYRNA,
                        MITYLENE, and CONSTANTINOPLE, in connection with Orient Express train-de-luxe
                        for Vienna, Paris, and London.</p>
                    <p><hi rend="bold">PALESTINE - SYRIA LINE.</hi></p>
                    <p>Fast steamers leave Alexandria every Saturday at 4 p.m., and Port Said every
                        Sunday at 6 p.m., for JAFFA (for Jerusalem), CAIFFA (for Nazareth), BEYROUT
                        (for Damascus), TRIPOLI, ALEXANDRETTA, MESSINA, continuing in alternate
                        weeks to LARNACA and LIMASSOL (Cyprus).</p>
                    <p><hi rend="bold">RED SEA LINE.</hi></p>
                    <p>Steamers leave Suez fortnightly on Wednesday at 6 p.m. for PORT SUDAN and
                        SUAKIN direct returning from Suakin every Wednesday noon. Every Mondayat 6
                        p.m. a steamer leaves SUEZ for JEDDAH continuing every other week to SUAKIN,
                        MASSOWAH, HODEIDSH, ADEN. Intermediate steamers do no proceed beyond JEDDAH
                        but call at TOR, (for SINAI) EL WEDJ and YAMBO as required. </p>
                    <p>N.B.—Deck chairs provided for the use of passengers, excellent cuisine and table
                        wine free.</p>
                    <p>Steamer plans may be seen and passages booked at the Company’s Agencies at
                        Alexandria, Cairo, Port Said, and Suez, or at THOS. COOK &amp; SON or other
                        Tourist Agency. </p>
                    <p>31-12-904</p>
                </div><div type="item" scope="advertisement" xml:id="deg-ad-mss01">
                    <head>The Moss S.S. Company, Ltd.</head>
                    <p>For LIVERPOOL calling at MALTA (Messrs. JAMES MOSS &amp; Co. 31, James St,
                        Liverpool, Managers.)</p>
                    <table rows="3" cols="8">
                        <row>
                            <cell>*Amasis</cell>
                            <cell>Tons. 4,600</cell>
                            <cell>*Khephren</cell>
                            <cell>Tons 5,000</cell>
                            <cell>*Moeris</cell>
                            <cell>Tons 7,500</cell>
                            <cell>Ramosos</cell>
                            <cell>Tons 3,900</cell>
                        </row>
                        <row>
                            <cell>*Busiris</cell>
                            <cell>Tons. 6,000</cell>
                            <cell>Monos</cell>
                            <cell>Tons 3,950</cell>
                            <cell>*Pharos</cell>
                            <cell>Tons 3,900</cell>
                            <cell>Beti</cell>
                            <cell>Tons 5,000</cell>
                        </row>
                        <row>
                            <cell>*Karnak</cell>
                            <cell>Tons. 5,000</cell>
                            <cell>Monopthah</cell>
                            <cell>Tons 5,000</cell>
                            <cell>*Philae</cell>
                            <cell>Tons 5,008</cell>
                            <cell>Tabor</cell>
                            <cell>Tons 3,000</cell>
                        </row>
                    </table>
                    <p>*Second class accommodation only, unless specially reserved.—Fares : Alexandria
                        to Liverpool, 1st, £14 Single, £25 Return. 2nd, £9 Single, £15 Return.—To Malta,
                        1st, £5 Single, £9 Return, 2nd, £3 Single, £5 Return.—Return tickets available
                        for six months.</p>
                    <p><name>S.S. Tabor</name> now on the berth, will sail on or about <date
                            when="1905-07-17">Thursday, September 27</date>, to be followed by
                            <name>S.S. Seti</name>s.</p>
                    <p><name>S.S Tabor</name> for <placeName>Havre</placeName> via
                        <placeName>Malta</placeName> to sail about <date when="1905-07-15">Saturday
                            l5th inst</date>.</p>
                    <p>Through freight rates on cotton, etc., to Lancashire inland towns, Boston, New
                        York and other U.S.A. towns, obtained on application. Cargo taken by special
                        agreement only.</p>
                    <p>Passenger Tickets also issued inclusive of Railway fare through to and from
                        Cairo. Particulars on application to</p>
                    <p>R. J. MOSS &amp; Co., Alexandria, Agents.</p>
                    <p><measure type="indexNo">27-11-906</measure></p>
                </div><div type="item" scope="advertisement" xml:id="deg-ad-phc01">
                    <head>P. HENDERSON &amp; CO’s LINE.</head>
                    <p>Steamers leave SUEZ and PORT SAID fortnightly for LONDON or LIVERPOOL direct.</p>
                    <p>Fare (home) £10       Passengers returning by end October allowed 20% off
                        outward fare (£14).</p>
                    <p><name>S.S. AMARAPOORA</name>
                        <measure quantity="6000" unit="ton">6600</measure> Tons will leave PORT SAID
                        about <date when="1905-07-23">September 27</date> for Dover.</p>
                    <p><name>S.S. ARRACAN</name>
                        <measure quantity="5600" unit="ton">5800</measure> Tons will leave PORT SAID
                        about <date when="1905-08-06">October 11</date> for Dover.</p>
                    <p><name>S.S. IRRAWADDY</name>
                        <measure quantity="5800" unit="ton">7300</measure> Tons will leave PORT SAID
                        about <date when="1905-08-20">October 25</date> for Dover</p>
                    <p>Due in LONDON or LIVERPOOL 12 days thereafter.</p>
                    <p>Apply WORMS &amp; Co., Port Said and Suez. THOS. COOK &amp; SON, (EGYPT) LD.,
                        CAIRO ;</p>
                    <p>G. J. GRACE &amp; CO., ALEXANDRIA.</p>
                    <p><measure type="indexNo">31-12-906</measure></p>
                </div><div type="item" scope="advertisement" xml:id="deg-ad-bam02">
                    <head>Asia Minor Steamship Co., Ltd.</head>
                    <p>Regular weekly sailings to Cyprus and Coast of Syria. Steamer leaves Alexandria
                        every Tuesday afternoon for Limassol and Larnaca, returning viâ Port Said. 1st
                        Class Single Fare, Alex. to Cyprus £2</p> 
                    <p>Sailings liable to alteration owing to Quarantine, etc.</p>
                    <p>For further particulars apply: Manager, 3 St. Mark's-Street, Alexandria.
                        <measure type="indexNo">28478-31-12-06</measure></p>
                </div><div type="item" scope="advertisement" xml:id="deg-ad-pap01">
                    <head>THE PAPAYANNI LINE.</head>
                    <head type="sub">(The Ellerman Lines, Ltd.)</head>
                    <p>Frequent Sailings from ALEXANDRIA to LIVERPOOL, also Regular Services from
                        LIVERPOOL to ALEXANDRIA and to ALGERIA, MALTA, LEVANT, BLACK SEA, and other
                        Mediterranean Ports.</p>
                    <p>Excellent Passenger Accommodation. Stewardess carried. Liberal table and Moderate
                        Fares for single and return tickets.</p>
                    <p>The <name>S S. ARAT</name> expected from Liverpool in a few days.</p>
                    <p>CARGO taken by special agreement only. Through Freights quoted for the UNITED
                        STATES and INLAND TOWNS in GREAT BRITAIN.</p>
                    <p>For passage or freight apply to the Agents, BARKER &amp; Co., Alexandria.
                            <measure type="indexNo">2061-18-10-906</measure></p>
                </div><div type="item" scope="advertisement" xml:id="deg-ad-ccc01">
                    <head>The Cigarettes Manufactured by<lb/>The Cleopatra Cigarette Co.</head>
                    <p>G. NUNGOYICH</p>
                    <p>are on sale at the Company's establishment by Grand Contental Hotel, Cairo, and
                        at Walker &amp; Meimarschi's, Alexandria.</p>
                    <p>Purveyors to H. H. the KHEDIVE.</p>
                    <p>35750 Patronized by the Duke of Connaught and the Archduke Otto and all the High
                        Life of Egypt. 18-4-80</p>
                </div><div type="item" scope="advertisement" xml:id="deg-ad-tcs03">
                    <head>Thos. Cook &amp; Son, (EGYPT), LTD</head>
                    <p>HEAD OFFICE: LUDGATE CIRCUS—LONDON.</p>
                    <p>CHIEF EGYPTIAN OFFICE: — CAIRO, near SHEPHEARD'S HOTEL.</p>
                    <p>Alexandria, Port Said, Suez, Luxor, Assuan, Halfa, and Khartum.</p>
                    <p>GENERAL RAILWAY AND STEAMSHIP AGENTS. BANKERS.</p>
                    <p>BAGGAGE AND FORWARDING AGENTS.</p>
                    <p>Officially appointed &amp; Sole Agents in Cairo to the P.&amp;O. S.N.
                        Co.</p>
                    <p>Large and splendidly appointed steamers belonging to the Company leave Cairo
                        thrice weekly, between November and March, for Luxor, Assouan and Halfa in
                        connection with trains de luxe to Khartoum.-Moderate fares.</p>
                    <p>Specially Reduced Rates for residents of Egypt by Tourist Services during
                        November and December. First sailing November 13th.</p>
                    <p>WEEKLY FREIGHT SERVICE FROM CAIRO TO ASSUAN AND HALFA.</p>
                    <p>Cook's Interpreters in uniform are present at principal Railway Stations
                        and Landing-places in Europe to assist passengers holding their
                        tickets.</p>
                    <p>Special Steamers and Dahabeahs for private parties.</p>
                    <p>Special arrangements for tour in PALESTINE, SYRIA and the DESERT; Lowest
                        rates.</p>
                    <p>Best camp equipment in the country.</p>
                </div><div type="item" scope="advertisement" xml:id="deg-ad-bis02">
                    <head>British India S. N. Company, Limited.</head>
                    <p>Fortnightly Service in connection with the Co's Indian Mail Lines.-- Calling at
                        ADEN, COLOMBO, MADRAS, adn CALCUTTA Out, and MARSEILLES (GENOA and PLYMOUTH
                        optional) Home. Sailings from Suez.</p>
                    <p>OUTWARD.—<name>S.S. Goorkha</name> ... <date when="1906-10-12">September
                            23</date> | HOMEWARD.—<name>S.S. Gordon Castle</name> ... <date
                            when="1906-10-05">Sept. 28</date></p>
                    <p>EAST AFRICAN LINE OF STEAMERS.</p>
                    <p>Calling at Aden, Mombasa, Zanzibar and Beira. Monthly service.</p>
                    <p>The <name>S.S. Warora</name> will sail from Suez on about <date when="1906-10-12"
                        >the 12th October</date>.</p>
                    <table rows="2" cols="9">
                        <row>
                            <cell rows="3">First Class Fares from Suez to</cell>
                            <cell>Aden</cell>
                            <cell>£11. 8</cell>
                            <cell>Colombo</cell>
                            <cell>£25.15</cell>
                            <cell>Calcutta</cell>
                            <cell>£31. 0</cell>
                            <cell>Marseilles</cell>
                            <cell>£15.12</cell>
                        </row>
                        <row>
                            <cell rows="2">Bombay</cell>
                            <cell rows="2">£31.10</cell>
                            <cell>Madras</cell>
                            <cell>£20.11</cell>
                            <cell>Genoa</cell>
                            <cell>£13.10</cell>
                            <cell rows="2">London</cell>
                            <cell rows="2">£19. 0</cell>
                        </row>
                        <row>
                            <cell>Mombasa</cell>
                            <cell>£26.10</cell>
                            <cell>Zanzibar</cell>
                            <cell>£30. 0</cell>
                        </row>
                    </table>
                    <p>From Port-Said £2 less Homeward, and £2 more Outward. Second class, two thirds of
                        1st Class Fares.</p>
                    <p>PORT SAID Agents: Worms &amp; Co. and Willi &amp; Co., Ltd. -- CAIRO &amp;
                        ALEXANDRIA: --Thos. Cook &amp; Son, Ltd., and the Anglo-American Hotel &amp;
                        Steamer Co. For particulars apply G. BEYTS &amp; Co., Suez. <measure
                            type="indexNo">31-12-906</measure></p>
                </div><div type="item" scope="advertisement" xml:id="deg-ad-all01">
                    <head>ANCHOR LINE, LIMITED.</head>
                    <p>(HENDERSON BROTHERS,) LONDON, LIVERPOOL AND GLASGOW.</p>
                    <p>Booking Passengers and Cargo through to Ports in India, Europe nad America</p>
                    <p>First class passengers steamers. Sailing fortnightly from Suez.</p>
                    <table rows="2" cols="6">
                        <row>
                            <cell>For MARSEILLES &amp; LIVERPOOL</cell>
                            <cell><name>S.S. “Scindia</name></cell>
                            <cell><date when="1906-10-04">September 28</date></cell>
                            <cell>For CALCUTTA</cell>
                            <cell><name>S.S. "Bohemia"</name></cell>
                            <cell><date when="1906-10-06">October 6</date></cell>
                        </row>
                        <row>
                            <cell>For LONDON</cell>
                            <cell><name>S.S. “Bavari </name></cell>
                            <cell><date when="1906-10-11">September 28</date></cell>
                            <cell>For BOMBAY</cell>
                            <cell><name>S.S. "Olympia"</name></cell>
                            <cell><date when="1906-10-21">September 28</date></cell>
                        </row>
                    </table>
                    <p>Saloon Fares: from Port Said to Gibraltar £9, Marseilles £9, London and
                        Liverpool £16; add £1 to above fare for passengers from Cairo, Ismailia, or
                        Suez. 5 % reduction to families of three or more adults. 15 % reduction on
                        return tickets within 6 months. Reduced rates on streamers not carrying
                        surgeon and stewardess. <measure type="indexNo">31-12-906</measure></p>
                    <p>Agents: Cairo, Thos. Cook &amp; Son. Port-Said, Cory Brothers &amp; Co. -- For
                        further particulars apply G. BEYTS &amp; Co., Suez. </p>
                </div><div type="item" scope="advertisement" xml:id="deg-ad-dll01">
                    <head>Deutsche Levante-Linie.</head>
                    <p>Mail and Passenger Steamships. Regular three-weekly Service from HAMBURG, via
                        ANTWERP &amp; MALTA, to ALEXANDRIA and vice-versa, admitting goods from all
                        chief German Railway Stations on direct Bill of Landing to ALEXANDRIA and
                        all chief ports of Egypt, Syria, etc., at favourable rates of DEUTSCHE
                        VERKEHR (traffic).</p>
                    <p>EXPECTED AT ALEXANDRIA.</p>
                    <p><name>S.S. Kypros</name>
                        <date when="1905-07-20">September 24</date> from
                            <placeName>Hamburg</placeName>.</p>
                    <p><name>S.S. Lispos</name>
                        <date when="1905-07-20">September 25</date> from
                            <placeName>Antwerp</placeName>
                    </p>
                    <p><date when="1905-07-31">S.S. Curos </date>
                        <placeName>September 17</placeName> from <placeName>Antwerp</placeName>.</p>
                    <p>S.S. Eskside is now in port discharging.</p>
                    <p>For tariff and particulars apply to ADOLPHE STROSS, Alexandria, Agent.</p>
                    <p><measure type="indexNo">15-2-905</measure></p>
                </div><div type="item" scope="advertisement" xml:id="deg-ad-doa02">
                    <head>Deutsche Ost Afrika Linie.</head>
                    <p>Regelmässiger Reichspostdampferdienst. German E. African Line. Imperial Service.
                        Departures from Port Said (Approximate Dates.)</p>
                    <p>OUT to Aden, Zanzibar, CapetTown and intermediate ports:--</p>
                    <p><name>S. S. Prinzessin</name>
                        <date when="1906-09-07">September 7</date> | <name>S. S. Markgraf</name>
                        <date when="1906-09-23">September 23</date></p>
                    <p>HOME to Naples, Genoa, Marseilles, Algiers, Tangiers, Lisbon, Dover, Flushing,
                        and Hamburg.</p>
                    <p><name>S. S. Bürgermeister</name>
                        <date when="1906-09-12">September 12</date> | <name>S. S. Koenig</name>
                        <date when="1906-09-29">September 29</date></p>
                    <p>First class steamers fitted with latest improvements. Stewardesses and doctors
                        carried. Low passage rates.</p>
                    <p>Splendid accommodation for passengars of all classes.</p>
                    <p>For all particulars apply to <orgName>Fix &amp; David</orgName>, CAIRO (Sharia Mansour Pacha,
                        Telephone 865).</p>
                </div><div type="item" scope="advertisement" xml:id="deg-ad-mma01">
                    <head>Messageries Maritimes.</head>
                    <p>From Alexandria</p>
                    <table rows="12" cols="6">
                        <head><hi rend="bold">Sailing from Alexandria in September,
                            1906.</hi></head>
                        <row>
                            <cell cols="6"><hi rend="bold">For Marseilles direct</hi></cell>
                        </row>
                        <row>
                            <cell>Friday</cell>
                            <cell>24</cell>
                            <cell>Sept.</cell>
                            <cell>at 4 p.m.</cell>
                            <cell>Congo</cell>
                            <cell>Capt. Baretga</cell>
                        </row>
                        <row>
                            <cell>Friday</cell>
                            <cell>5</cell>
                            <cell>October</cell>
                            <cell>at 4 p.m.</cell>
                            <cell>Yang-Tee</cell>
                            <cell>Capt. Camugli</cell>
                        </row>
                        <row>
                            <cell>Friday</cell>
                            <cell>13</cell>
                            <cell>October</cell>
                            <cell>at 4 p.m.</cell>
                            <cell>Portugal</cell>
                            <cell>Capt. Protot</cell>
                        </row>
                        <row>
                            <cell>Friday</cell>
                            <cell>19</cell>
                            <cell>October</cell>
                            <cell>at 4 p.m.</cell>
                            <cell>Niger</cell>
                            <cell>Capt. Schmitz</cell>
                        </row>
                        <row>
                            <cell>Friday</cell>
                            <cell>25</cell>
                            <cell>October</cell>
                            <cell>at 4 p.m.</cell>
                            <cell>Congo</cell>
                            <cell>Capt. Baretga</cell>
                        </row>
                        <row>
                            <cell cols="6"><hi rend="bold">For Port Said and Beyrouth</hi></cell>
                        </row>
                        <row>
                            <cell>Thursday</cell>
                            <cell>4</cell>
                            <cell>October</cell>
                            <cell>at 8 a.m.</cell>
                            <cell>Portugal</cell>
                            <cell>Capt. Protot</cell>
                        </row>
                        <row>
                            <cell>Thursday</cell>
                            <cell>18</cell>
                            <cell>October</cell>
                            <cell>at 8 a.m.</cell>
                            <cell>Congo</cell>
                            <cell>Capt. Baretga</cell>
                        </row>
                        <row>
                            <cell cols="6"><hi rend="bold">For Port Said, Jaffa and Beyrouth</hi></cell>
                        </row>
                        <row>
                            <cell>Thursday</cell>
                            <cell>27</cell>
                            <cell>September</cell>
                            <cell>at 8 a.m.</cell>
                            <cell>Yang-Tee</cell>
                            <cell>Capt. Camugli</cell>
                        </row>
                        <row>
                            <cell>Thursday</cell>
                            <cell>11</cell>
                            <cell>October</cell>
                            <cell>at 8 a.m.</cell>
                            <cell>Niger</cell>
                            <cell>Capt. Schmitz</cell>
                        </row>
                    </table>
                    <table rows="8" cols="3">
                        <head><hi rend="bold">Rates of passage mess</hi></head>
                        <head type="sub">Including table wine.</head>
                        <row role="label">
                            <cell/>
                            <cell>1st Class</cell>
                            <cell>2nd Class</cell>
                        </row>
                        <row>
                            <cell>From Alexandria or Port Said (directly or via Alexandria) To
                                Marseilles</cell>
                            <cell>£12.9.8</cell>
                            <cell>£9.10.3</cell>
                        </row>
                        <row>
                            <cell>From Alexandria To Port Said</cell>
                            <cell>£1.15.10</cell>
                            <cell>£1.7.10</cell>
                        </row>
                        <row>
                            <cell>From Alexandria to Jaffa</cell>
                            <cell>£3.3.5</cell>
                            <cell>£2.2.5</cell>
                        </row>
                        <row>
                            <cell>From Alexandria to Beyrouth</cell>
                            <cell>£4.7.2</cell>
                            <cell>£3.3.2.</cell>
                        </row>
                        <row>
                            <cell>Through tickets for Paris (via Marseilles from Alexandria)</cell>
                            <cell>£15.12.1</cell>
                            <cell>£10.12.5</cell>
                        </row>
                        <row>
                            <cell>Through tickets for Paris (via Marseilles) from Port Said (directly or
                                via Alexandria)</cell>
                            <cell>£16.5.11</cell>
                            <cell>£12.1.5</cell>
                        </row>
                        <row>
                            <cell>Through tickets for London (via Marseilles) (Calais-Douvree) from
                                Alexandria or Port Said (directly or via Alexandria)</cell>
                            <cell>£16.12.10</cell>
                            <cell>£12.9.8</cell>
                        </row>
                        <row>
                            <cell>Interchangeable return tickets with the Austrian Lloyd Cy.
                                (available one way by Messageries Maritimes and on return by
                                Austrian Lloyd) via Tricste</cell>
                            <cell>£21.11.10</cell>
                            <cell>£15.11.2</cell>
                        </row>
                    </table>
                    <table rend="frame" xml:id="SailingfromPortSaid">
                        <head><hi rend="bold">Sailing from Port Said in September, 1906</hi></head>
                        <row>
                            <cell rows="5">For Marseilles Direct</cell>
                            <cell>Probably on</cell>
                            <cell>Thursday</cell>
                            <cell>13</cell>
                            <cell>September</cell>
                            <cell>Ernest Simons</cell>
                            <cell>Capt. Bourdon</cell>
                            <cell>returning from Indian Ocean</cell>
                        </row>
                        <row>
                            <cell>Probably on</cell>
                            <cell>Sunday</cell>
                            <cell>9</cell>
                            <cell>September</cell>
                            <cell>Natal</cell>
                            <cell>Capt. Girard</cell>
                            <cell>returning from China</cell>
                        </row>
                        <row>
                            <cell>Probably on</cell>
                            <cell>Thursday</cell>
                            <cell>27</cell>
                            <cell>September</cell>
                            <cell>Caledonian</cell>
                            <cell>Capt. Grégory</cell>
                            <cell>returning from Indian Ocean</cell>
                        </row>
                        <row>
                            <cell>Probably on</cell>
                            <cell>Thursday</cell>
                            <cell>20</cell>
                            <cell>September</cell>
                            <cell>Djennah</cell>
                            <cell>Capt. Durrande</cell>
                            <cell>returning from China</cell>
                        </row>
                        <row>
                            <cell>Probably on</cell>
                            <cell>Sunday</cell>
                            <cell>16</cell>
                            <cell>September</cell>
                            <cell>Ville de la Ciatat</cell>
                            <cell>Capt. Rebufat</cell>
                            <cell>returning from Australia</cell>
                        </row>
                    </table>
                    <table rend="frame" xml:id="SailingfromSuez">
                        <head><hi rend="bold">Sailing from Suez in September, 1906</hi></head>
                        <row>
                            <cell>For Aden, Colombo, Singapore, Baigon, Hong-Kong, Shanghai, Kobej
                                and Yokohama</cell>
                            <cell>Friday</cell>
                            <cell>21</cell>
                            <cell>September</cell>
                            <cell>Tonkin</cell>
                            <cell>Capt. Charbonnel</cell>
                        </row>
                        <row>
                            <cell>For Djibouti, Colombo, Singapore, Baigon, Hong-Kong, Shanghai,
                                Kobe and Yokohama</cell>
                            <cell>Friday</cell>
                            <cell>7</cell>
                            <cell>September</cell>
                            <cell>Tourane</cell>
                            <cell>Capt. Lancelin</cell>
                        </row>
                        <row>
                            <cell>For Djibouti, Zanzibar, Mutsamudu, Mayotte, Majunga, Nossi-Bé, D.
                                Suares, Tamatave, La Réunion and Maurice</cell>
                            <cell>Sunday</cell>
                            <cell>16</cell>
                            <cell>September</cell>
                            <cell>Oxus</cell>
                            <cell>Capt. Riviere</cell>
                        </row>
                        <row>
                            <cell>For Djibouti, Aden, Mahe, Diego-Suaros, Ste. Marie, Tamatave, Le
                                Reunion and Maurice</cell>
                            <cell>Monday</cell>
                            <cell>1</cell>
                            <cell>October</cell>
                            <cell>Natal</cell>
                            <cell>Capt. Girard</cell>
                        </row>
                        <row>
                            <cell>For Aden, Bombay, Colombo, Freemantle, Adelaide, Melbourne, Sidney, and
                                Noumes</cell>
                            <cell>Monday</cell>
                            <cell>3</cell>
                            <cell>September</cell>
                            <cell>Sydney</cell>
                            <cell>Capt. Bocognani</cell>
                        </row>
                    </table>
                    <p>Cairo Agency (Shepheard's Hotel) <measure type="indexNo"
                        >28-2-907</measure></p>
                </div> <div type="item" scope="advertisement" xml:id="deg-ad-pri01">
                    <head>Prince Line.</head>
                    <table rend="frame" xml:id="Table1">
                        <row>
                            <cell>AFRICAN PRINCE</cell>
                            <cell>Tons. 8,000</cell>
                            <cell>WELSH PRINCE</cell>
                            <cell>Tons. 8,000</cell>
                            <cell>AFGHAN PRINCE</cell>
                            <cell>Tons. 8,000</cell>
                        </row>
                        <row>
                            <cell>CHINESE PRINCE (bldg.)</cell>
                            <cell>Tons. 8,000</cell>
                            <cell>JAPANESE PRINCE (bldg.)</cell>
                            <cell>Tons. 8,000</cell>
                            <cell>BURMESE PRINCE (bldg.)</cell>
                            <cell>Tons. 8,000</cell>
                        </row>
                        <row>
                            <cell>KOREAN PRINCE (bldg.)</cell>
                            <cell>Tons. 8,000</cell>
                            <cell>ARABIAN PRINCE (bldg.)</cell>
                            <cell>Tons. 8,000</cell>
                            <cell>SIAMESE PRINCE (bldg.)</cell>
                            <cell>Tons. 8,000</cell>
                        </row>
                        <row>
                            <cell>SWEDISH PRINCE (bldg.)</cell>
                            <cell>Tons. 8,000</cell>
                            <cell>BLACK PRINCE</cell>
                            <cell>Tons. 7,000</cell>
                            <cell>SAXON PRINCE</cell>
                            <cell>Tons. 6,000</cell>
                        </row>
                        <row>
                            <cell>TUDOR PRINCE</cell>
                            <cell>Tons. 7,000</cell>
                            <cell>NORMAN PRINCE</cell>
                            <cell>Tons. 6,000</cell>
                            <cell>CROWN PRINCE</cell>
                            <cell>Tons. 5,000</cell>
                        </row>
                        <row>
                            <cell>ITALIAN PRINCE</cell>
                            <cell>Tons. 5,000</cell>
                            <cell>GEORGIAN PRINCE</cell>
                            <cell>Tons. 4,750</cell>
                            <cell>TROJAN PRINCE</cell>
                            <cell>Tons. 4,750</cell>
                        </row>
                        <row>
                            <cell>MERCHANT PRINCE</cell>
                            <cell>Tons. 4,650</cell>
                            <cell>SAILOR PRINCE</cell>
                            <cell>Tons. 4,650</cell>
                            <cell>EGYPTIAN PRINCE</cell>
                            <cell>Tons. 4,650</cell>
                        </row>
                        <row>
                            <cell>SOLDIER PRINCE</cell>
                            <cell>Tons. 4,650</cell>
                            <cell>RUSSIAN PRINCE</cell>
                            <cell>Tons. 4,500</cell>
                            <cell>SPARTAN PRINCE</cell>
                            <cell>Tons. 4,750</cell>
                        </row>
                        <row>
                            <cell>MEXICAN PRINCE</cell>
                            <cell>Tons. 4,420</cell>
                            <cell>HIGHLAND PRINCE</cell>
                            <cell>Tons. 3,850</cell>
                            <cell>IMPERIAL PRINCE</cell>
                            <cell>Tons. 3,750</cell>
                        </row>
                        <row>
                            <cell>SICILIAN PRINCE</cell>
                            <cell>Tons. 3,750</cell>
                            <cell>NAPOLITAN PRINCE</cell>
                            <cell>Tons. 3,750</cell>
                            <cell>PERSIAN PRINCE</cell>
                            <cell>Tons. 3,250</cell>
                        </row>
                        <row>
                            <cell>BRITISH PRINCE</cell>
                            <cell>Tons. 3,180</cell>
                            <cell>MOORISH PRINCE</cell>
                            <cell>Tons. 3,180</cell>
                            <cell>CASTILLIAN PRINCE</cell>
                            <cell>Tons. 3,100</cell>
                        </row>
                        <row>
                            <cell>GRECIAN PRINCE</cell>
                            <cell>Tons. 3,075</cell>
                            <cell>EASTERN PRINCE</cell>
                            <cell>Tons. 3,050</cell>
                            <cell>ASIATIC PRINCE</cell>
                            <cell>Tons. 3,050</cell>
                        </row>
                        <row>
                            <cell>CREOLE PRINCE</cell>
                            <cell>Tons. 3,050</cell>
                            <cell>CARIB PRINCE</cell>
                            <cell>Tons. 3,050</cell>
                            <cell>KAFFIR PRINCE</cell>
                            <cell>Tons. 2,950</cell>
                        </row>
                        <row>
                            <cell>SYRIAN PRINCE</cell>
                            <cell>Tons. 2,950</cell>
                            <cell>ORANGE PRINCE</cell>
                            <cell>Tons. 2,975</cell>
                            <cell>CYPRIAN PRINCE</cell>
                            <cell>Tons. 2,750</cell>
                        </row>
                        <row>
                            <cell>INDIAN PRINCE</cell>
                            <cell>Tons. 2,730</cell>
                            <cell>SCOTTISH PRINUK</cell>
                            <cell>Tons. 2,650</cell>
                            <cell>ROMAN PRINCE</cell>
                            <cell>Tons. 2,680</cell>
                        </row>
                        <row>
                            <cell>TUSCAN PRINCE</cell>
                            <cell>Tons. 2,575</cell>
                            <cell>OCEAN PRINCE</cell>
                            <cell>Tons. 2,400</cell>
                            <cell>ROYAL PRINCE</cell>
                            <cell>Tons. 2,400</cell>
                        </row>
                    </table>
                    <p>Good Accommodation for Passengers.</p>
                    <p>Sailings every 10 days from Manchester and Liverpool and fortnightly from Antwerp
                        and London to Alexandria and Syrian Coast. The dates are approximate</p>
                    <table rows="3" cols="8">
                        <row>
                            <cell>ROMAN PRINCE</cell>
                            <cell>due from</cell>
                            <cell><placeName>Manchester</placeName></cell>
                            <cell><date when="1905-07-18">September 30</date></cell>
                            <cell>SAILOR PRINCE</cell>
                            <cell>due from</cell>
                            <cell><placeName>Middlesbro, Dunkirk&amp;London</placeName></cell>
                            <cell><date when="1905-08-08">Oct. 9</date></cell>
                        </row>
                        <row>
                            <cell>ASTATIC PRINCE</cell>
                            <cell>due from</cell>
                            <cell>
                                <placeName>London</placeName></cell>
                            <cell><date when="1905-07-23">October 1</date></cell>
                            <cell>CARIB PRINCE</cell>
                            <cell>due from</cell>
                            <cell><placeName>Manchester</placeName></cell>
                            <cell><date when="1905-08-15">Oct. 16</date></cell>
                        </row>
                        <row>
                            <cell>SYRIAN PRINCE</cell>
                            <cell>due from</cell>
                            <cell><placeName>Manchester</placeName></cell>
                            <cell><date when="1905-07-29">October 9</date></cell>
                            <cell>ROYAL PRINCE</cell>
                            <cell>due from</cell>
                            <cell><placeName>Dunkirk&amp;London</placeName></cell>
                            <cell><date when="1905-08-19">Oct. 18</date></cell>
                        </row>
                    </table>
                    <p>HOMEWARD SAILINGS: -- The S.S. OCEAN PRINCE is now loading for
                            <placeName>Manchester</placeName> and will be followed by the S.S.
                        SCOTTISH PRINCE. </p>
                    <p>For terms of freight or passage apply to C. J. Grace &amp; Co., Alexandria,
                        Agents. 31-12-904</p>
                </div><div type="item" scope="advertisement" xml:id="deg-ad-ell03">
                    <head>The Ellerman Lines Limited</head>
                    <p>(Including Westcott &amp; Laurance Line.)</p>
                    <p>Regular sailings from Liverpool, Glasgow, Antwerp and London to Alexandria.
                        Frequent sailings from Alexandria to Liverpool and London. Through freight
                        rates to Inland towns in Great Britain, also to the U.S.A.</p>
                    <p>Bilerman S.S. City of Cambridge expected from Liverpool, Lisbon, Gibraltar
                        &amp; Malta about Oct. 1</p>
                    <p>Westcott S.S. Persian expected from Antwerp, London &amp; Malta about Oct.
                        5</p>
                    <p>The S.S. City of Oxford now on the berth for Liver pool, will sail for port
                        on.…..</p>
                    <p>N.E. TAMVACO, Alexandria Agent <measure type="indexNo">20-2-907</measure></p>
                </div><div type="item" scope="advertisement" xml:id="deg-ad-cun02">
                    <head>Cunard Line.</head>
                    <p><measure type="indexNo">19-1-907</measure></p>
                    <p>Frequent sailings of cargo steamers from Alexandria to Liverpool. Through Bills
                        of Lading to towns in the Interior and to the United States ports.</p>
                    <p>Sailings of ROYAL MAIL passenger steamers from Liverpool to New-York and Boston
                        on Saturdays and Tuesdays.</p>
                    <p>Regular twin-screw passenger service between Trieste, Fiume, Naples, and
                        New-York.</p>
                    <p>All passenger steamers fitted with Marconi's wireless telegraphy. For through
                        tickets from Egypt and particulars, apply to the Agents:</p>
                    <p>Rodacanachi &amp; Co., Alexandria; Nicolas Kirgis, Cairo; R. Broadbent, Port
                        Said.</p>
                </div><div type="item" scope="advertisement" xml:id="deg-ad-pss01">
                    <head>PORT SAID-SAVOY HOTEL.</head>
                    <p>NEW FIRST-CLASS HOTEL, OVERLOOKING THE HARBOUR &amp; OPPOSITE CUSTOM HOUSE</p>
                    <p>Open all the year round. — Well-appointed Bar.</p>
                    <p>MODERATE CHARGES. SPECIAL TERMS FOR RESIDENTS 1190A2-5</p>
                </div><div type="item" scope="advertisement" xml:id="deg-ad-nkh01">
                    <head>NEW KHEDIVIAL HOTEL, ALEXANDRIA.</head>
                    <p>First-class Hotel. Situated in Rosetta Avenue, the finest quarter in the
                        Town. Two mintes from Railway Station. Close to Consulates and the Opera
                        House. Lift. Electric Light Throughout. Perfect Sanitary Arrangements.
                        Magnificent Ball, Reception, Reading, and Music Rooms. Bar and Smoking
                        Room.</p>
                    <p>FINE TERRACE ON THE AVENUE. - SPLENDID GARDEN. - OMNIBUS MEET ALL TRAINS AND
                        STEAMERS. <measure type="indexNo">31-8-907</measure></p>
                </div><div type="item" scope="advertisement" xml:id="deg-ad-sfp01">
                    <p>Throw Steel Nibs Away!</p>
                    <p>They waste time, are costly to use, wear out, scratch, etc.</p>
                    <p>Try a "Swan" Fountain Pen.</p>
                    <p>Prices from 10/6</p>
                    <p>Sold by all Stationers and Importers in Cairo and Alexandria.</p>
                    <p>Catalogue free.</p>
                    <p>Mable, Todd &amp; Bard, High Holborn, London.</p>
                </div><div type="item" scope="advertisement" xml:id="deg-ad-aan03">
                    <head>Hamburg &amp; Anglo-American Nile Co.</head>
                    <p>Weekly departure during Winter Season by the<lb/> Luxurious First Class Tourist
                        Steamers VICTORIA, PURITAN &amp; MAYFLOWER.<lb/> Regular weekly Departures to
                        the SECOND CATARACT by the S.S. INDIANA.<lb/> THROUGH BOOKINGS TO KHARTOUM,
                        GONDOKORO AND THE WHITE NILE.<lb/> Steamers and Dahabeahs for private charter.
                        Steam Tugs and Steam Launches for hire.<lb/> FREIGHT SERVICE BY STEAM BARGES
                        BETWEEN CAIRO AND ALEXANDRIA.<lb/> Working in conjunction and under special
                        arrangement with the<lb/> “Upper Egypt Hotels Company."</p>
                    <p>For details and illustrated programmes apply to "THE HAMBURG and
                        ANGLO-AMERICAN<lb/> NILE COMPANY."</p>
                    <p> OFFICES IN CAIRO: Sharia Boulac, "Grand Continental Hotel Buildings.” <measure
                        type="indexNo">31-3-07</measure></p>
                    <p>Hamburg-Amerika Linie.</p>
                    <p>Return to Egypt<lb/> by the new S.S. Oceana of 9000 Tons, 350 berths including 90
                        single cabins, greatest comfort, best cuisine.</p>
                    <p>FARES: Genoa to Alexandria from £14. Naples to Alexandria from £10.</p>
                    <table>
                        <row>
                            <cell>Leave Genoa</cell>
                            <cell><date when="1906-10-23">October 23rd</date> p.m.</cell>
                            <cell>arr. Alexandria</cell>
                            <cell><date when="1906-10-27">October 27</date> a.m.</cell>
                        </row>
                        <row>
                            <cell>,, ,,</cell>
                            <cell><date when="1906-11-06">November 6th</date> ,,</cell>
                            <cell>,, ,,</cell>
                            <cell><date when="1906-11-10">November 10</date> ,,</cell>
                        </row>
                        <row>
                            <cell>,, ,,</cell>
                            <cell><date when="1906-11-20">November 20th</date> ,,</cell>
                            <cell>,, ,,</cell>
                            <cell><date when="1906-11-24">November 24</date> ,,</cell>
                        </row>
                        <row>
                            <cell>,, ,,</cell>
                            <cell><date when="1906-12-04">December 4th</date> ,,</cell>
                            <cell>,, ,,</cell>
                            <cell><date when="1906-12-08">December 8</date> ,,</cell>
                        </row>
                        <row>
                            <cell>,, ,,</cell>
                            <cell><date when="1906-12-18">December 18th</date> ,,</cell>
                            <cell>,, ,,</cell>
                            <cell><date when="1906-12-22">December 22</date> ,,</cell>
                        </row>
                    </table>
                    <p><measure type="indexNo">31-10-906</measure></p>
                    <p>From January 2nd Weekly service from Naples to Alexandria EVERY WEDNESDAY.</p>
                    <p>Apply to the Co.'s Booking Offices: Paris, rue Scribe. London, Cockspur Street.
                        Berlin, Unter den Linden <lb/>Cairo, Continental Hotel. Alexandria, G. J. Grace
                        &amp; Co. Chief Office: Hamburg ( Alsterdamm</p>
                </div>  <div type="item" scope="advertisement" xml:id="deg-ad-nll02">
                    <head>NORDDEUTSCHER LLOYD.</head>
                    <p>Weekly Service from ALEXANDRIA (Passenger and Freight) to
                        NAPLES-MARSEILLES.</p>
                    <p><name>SCHLESWIG</name> will leave ALEXANDRIA at 3 p.m. 14 &amp; 18 November ;
                        12 December,</p>
                    <p><name>HOHENROLLERN</name> leavesALEXANDRIA at 3 p.m. 10 &amp; 14 October, 7
                        &amp; 21 November ; 8 December,</p>
                    <p>The following steamers are intended to leave PORT-SAID:</p>
                    <table rows="11" cols="3">
                        <row>
                            <cell cols="3">HOMEWARD : for Bremen Hamburg via Naples, Genoa,
                                (Gibraltar), Southampton, Antwerp.</cell>
                        </row>
                        <row>
                            <cell><name>Sachsen</name></cell>
                            <cell><measure quantity="9043" unit="ton">5026</measure> Tons</cell>
                            <cell>about <date when="1905-07-14">7 Oct</date></cell>
                        </row>
                        <row>
                            <cell><name>Soharnhorst</name></cell>
                            <cell><measure quantity="5005" unit="ton">8131</measure> Tons</cell>
                            <cell>about <date when="1905-07-31">21 Oct.</date></cell>
                        </row>
                        <row>
                            <cell><name>Prinx Heinrich</name></cell>
                            <cell><measure quantity="5026" unit="ton">6283</measure> Tons</cell>
                            <cell>about <date when="1905-07-31">31 Oct.</date></cell>
                        </row>
                        <row>
                            <cell><name>Roon</name></cell>
                            <cell><measure quantity="8881" unit="ton">8022</measure> Tons</cell>
                            <cell>about <date when="1905-08-14">3 Nov.</date></cell>
                        </row>
                        <row>
                            <cell cols="3">OUTWARD: for CHINA and JAPAN via SUEZ, ADEN, COLOMBO,
                                PENANG, SINGAPORE.</cell>
                        </row>
                        <row>
                            <cell><name>Roon</name></cell>
                            <cell><measure unit="ton" quantity="8965">8022</measure> Tons</cell>
                            <cell>about <date when="1905-07-10">1 Oct.</date></cell>
                        </row>
                        <row>
                            <cell><name>Bulow</name></cell>
                            <cell><measure unit="ton" quantity="5295">8000</measure> Tons</cell>
                            <cell>about <date when="1905-07-24">15 Oct.</date></cell>
                        </row>
                        <row>
                            <cell cols="3">For AUSTRALIA via SUEZ, ADEN, COLOMBO.</cell>
                        </row>
                        <row>
                            <cell><name>Grosser Kurfurst</name></cell>
                            <cell><measure unit="ton" quantity="7943">13183</measure> Tons</cell>
                            <cell>about <date when="1905-07-30">21 Oct.</date></cell>
                        </row>
                        <row>
                            <cell><name>Barbarossa</name></cell>
                            <cell><measure unit="ton" quantity="10915">10915</measure> Tons</cell>
                            <cell>about <date when="1905-09-24">18 Nov.</date>.</cell>
                        </row>
                    </table>
                    <p>FOR FURTHER PARTICULARS APPLY TO THE AGENTS OF THE</p>
                    <p>NORDDEUTSCHER LLOYD at Cairo, Alexandria, Port-Said and Suez.</p>
                    <p>OTTO STERZING, Agent In Cairo, Opera Square.</p>
                    <p>C. H. SCHOELLER, Agent In Alexandria, Cleopatra Lane.</p>
                    <p>Messrs. THOS. COOK &amp; SON (Egypt) LTD., and CARL STANGENS REISEBUREAN are
                        anthorised to sell tickets in CAIRO and ALEXANDRIA, <measure type="indexNo"
                            >31-10-906</measure></p>
                </div><div type="item" scope="advertisement" xml:id="deg-ad-als02">
                    <head>Austrian Lloyd’s Steam Navigation</head>
                    <p>Alexandria-Brindisi-Trieste (Venice).</p>
                    <p>Weekly Express Mail Service. Steamers leave Alexandria every Saturday at 4
                        p.m. arrive at Brindisi, Tuesday 5 a.m. in time for express to Milan,
                        Lucerne, Paris, Vienna, Berlin, and London, leaving Brindisi 7 a.m. Arrival
                        Trieste Wednesday about 11 a.m. in connection with Train de Luxe
                        Trieste-Vienna-Ostende. Passengers reach London every Friday 4.50 p.m.</p>
                    <table rows="2" cols="8">
                        <row>
                            <cell><date when="1906-10-06">Sept. 29</date></cell>
                            <cell>6 p.m.</cell>
                            <cell><name>S.S. Habsburg</name></cell>
                            <cell><persName>Capt. Klausberger</persName></cell>
                            <cell><date when="1906-11-03">Oct. 27</date></cell>
                            <cell>6 p.m.</cell>
                            <cell><name>S.S. Semiramis</name></cell>
                            <cell><persName>Capt. Martinelich</persName></cell>
                        </row>
                        <row>
                            <cell><date when="1906-10-06">Oct. 6</date></cell>
                            <cell>6 p.m.</cell>
                            <cell><date when="1906-10-06">S.S. Semiramis</date></cell>
                            <cell><date when="1906-10-06">Capt. Martinolich</date></cell>
                            <cell><date when="1906-10-06">Nov. 3</date></cell>
                            <cell>6 p.m.</cell>
                            <cell><date when="1906-10-06">S.S. Cleopatra</date></cell>
                            <cell><date when="1906-10-06">Capt. Ivellich</date></cell>
                        </row>
                        <row>
                            <cell><date when="1906-10-13">Oct. 13</date></cell>
                            <cell>6 p.m.</cell>
                            <cell><name>S. S. Cleopatra</name></cell>
                            <cell><persName>Capt. Ivellich</persName></cell>
                            <cell><date when="1906-11-10">Nov. 10</date></cell>
                            <cell>6 p.m.</cell>
                            <cell><name>S.S. Habsburg</name></cell>
                            <cell><persName>Capt. Klausberger</persName></cell>
                        </row>
                        <row>
                            <cell><date when="1906-10-20">Oct. 20</date></cell>
                            <cell>4 p.m.</cell>
                            <cell><name>S.S. Habsburg</name></cell>
                            <cell><persName>Capt. Klausberger</persName></cell>
                            <cell><date when="1906-11-17">Nov. 17</date></cell>
                            <cell>4 p.m.</cell>
                            <cell><name>S.S. Semiramis</name></cell>
                            <cell><persName>Capt. Martinelich</persName></cell>
                        </row>
                    </table>
                    <p>November 24 S.S. Cleopatra Capt. Ivellich</p>
                    <p>Fortnightly Service: Alexandria-Brindisi &amp; Trieste Line.</p>
                    <p>Steamer leaves Alexandria on or about 8 and 22 October, 5 and 19 November, 3,
                        17 and 31 December.</p>
                    <p>Syrian-Cyprus-Caramanian Line.</p>
                    <p>Steamer leaves Alexandria on or about 1, 15 and 29 October, 5 and 19
                        November, 10 and 24 December.</p>
                    <p>Syrian-Caramanian Line.</p>
                    <p>Steamer leaves Alexandria on or about 1, 15 and 29 October, 12 and 26
                        November, 10 and 24 December.</p>
                    <p>Far East Lines.</p>
                    <p>Departures from Port Said: To Suez, Aden, Bombay, Colombo, Penang, Singapore,
                        Hong-Kong, Shanghai, Yokohama and Kobé, 3 August, 3 September, <date
                            when="1906-10-04">4 October</date>, <date when="1905-11-03">3
                            November</date>.</p>
                    <p>To Suez, Aden and Bombay accelerated service about 17 August, 8 September,
                            <date when="1906-10-08">8 October</date>, <date when="1906-11-08">8
                            Nov.</date>, <date when="1906-12-08">8 Dec</date>.</p>
                    <p>To Suez, Aden, Karachi, Colombo, Madras, Rangoon, and Calcutta about 19 July,
                        17 Aug., 19 Sept., <date when="1906-10-19">19 Oct</date>, <date
                            when="1906-11-03">3</date>, <date when="1906-11-19">19 Nov.</date>,
                            <date when="1906-12-19">19 Dec</date> 4 p.m.</p>
                    <p>To Suez, Aden, Karachi and Bombay about 13 March, 13 April <date
                            when="1906-11-13">13 Nov.</date>, <date when="1906-12-01">1 Dec</date>
                        (Winter Line).</p>
                    <p>East African Line.</p>
                    <p>Departures from Port Said: To Suez, Aden, Mombassa, Zanzibar, Beira,
                        Delagoa-Bay, and Durban about 5 March, 2 April, 3 May, 2 June, 3 July, 2
                        Aug., 2 Sept., <date when="1906-10-03">3 Oct.</date>, <date
                            when="1905-11-02">2 Nov.</date>, <date when="1905-12-03">3
                        Dec.</date>.</p>
                    <p>For information apply to the Agents, Alexandria, Port Said and Suez, Thos.
                        Cook &amp; Son, Ld., Leon Heller, Cairo Agent, 24, Sharia Maghraby,
                        (Telephone 192), Cairo; F. Tedeschi, Helouan.</p>
                    <p>Special rates for Egyptian officials, members of Army of Occupation and their
                        families.</p>
                    <p><measure type="indexNo">31-12-906</measure></p>
                </div>  <div type="item" scope="advertisement" xml:id="deg-ad-ngi01" xml:lang="fr">
                    <head>Navigation Générale Italienne.</head>
                    <p>Societes Reunies Florio-Rubattino. - Services Postaux. - Departs de Juillet.</p>
                    <table rows="5" cols="4">
                        <row>
                            <cell>Les Jeudis</cell>
                            <cell>6, 13, 20, et 27</cell>
                            <cell>à 3 h. p.m.</cell>
                            <cell>direct pour Messine, Naples, Livourne et Gênes.</cell>
                        </row>
                        <row>
                            <cell>Les Samedis</cell>
                            <cell>1 et 15</cell>
                            <cell>à 3 h. p.m.</cell>
                            <cell>direct pour Brindisi, Bari, Ancône et Venise.</cell>
                        </row>
                        <row>
                            <cell>Les Mercredis</cell>
                            <cell>5 et 19</cell>
                            <cell>à 4 h. p.m.</cell>
                            <cell>pour les escales de la Syrie et Larnaque.</cell>
                        </row>
                        <row>
                            <cell>Le Lundi</cell>
                            <cell>17</cell>
                            <cell>à 4 h. p.m.</cell>
                            <cell>pour Port-Saïd, Suez et Massawah.</cell>
                        </row>
                        <row>
                            <cell>Le Vendredi</cell>
                            <cell>7 et Samedi 22</cell>
                            <cell>à 5 h. p.m.</cell>
                            <cell>pour Port-Saïd.</cell>
                        </row>
                    </table>
                </div><div type="item" scope="advertisement" xml:id="deg-ad-rsn01">
                    <head>Russian Stream Navigation &amp; Commercial Company.</head>
                    <p>Postal Service Accelerated from the 1st June, 1906</p>
                    <p>between Alexandria, Piraeus, Constantinople, and Odessa by the following
                        recenlty built and perfectly equipped vessels:</p>
                    <table>
                        <row>
                            <cell>Emperor Nicolas II</cell>
                            <cell>7070 tons</cell>
                            <cell>Tchihatchoff</cell>
                            <cell>7070 tons</cell>
                        </row>
                        <row>
                            <cell>Reine Olga</cell>
                            <cell>7070 tons</cell>
                            <cell>Tsaritza</cell>
                            <cell>6000 tons</cell>
                        </row>
                    </table>
                    <p>Arrivals at Alexandria on Friday morning.</p>
                    <p>Departures from Alexandria on Tuesdays at 3 p.m. Circular route between
                        Alexandria, Port Said, the Syrian ports, Chio, Smyrna, Mount Athos,
                        Dardanelles, Constantinople, and Odessa.</p>
                    <p>Arrivals at Alexandria every other Saturday early in the morning.</p>
                    <p>Departures from Alexandria same day in afternoon at 4 p.m.</p>
                    <p>Crimean or Bessarabian table wines free.</p>
                    <p><measure type="indexNo">26376-31-11-907</measure></p>
                </div> <!-- Egyptian State Railways Notice Template -->
                <div type="page" n="2"> </div><div type="masthead">
                    <head>THE EGYPTIAN GAZETTE</head>
                    <head type="sub">No. <measure quantity="7566">7,566</measure>] ALEXANDRIA, MONDAY, SEPTEMBER 24, 1906. [SIX PAGES P.T.
                        2. </head> </div><div type="item" scope="advertisement" xml:id="deg-ad-ric01">
                            <head>Royal Insurance Coy</head>
                            <p>FIRE AND LIFE.</p>
                            <p>Largest Fire Office in the World.</p>
                            <p>HASELDEN &amp; CO., Agents, Alexandria.</p>
                            <p>R. VITERBO &amp; CO., Agents, Cairo.</p>
                            <p>PHOENIX ASSURANCE COMPANY, LIMITED.</p>
                            <p>(ESTABLISHED 1782);</p>
                            <p>HASELDEN &amp; CO., Agents, Alexandria.</p>
                            <p>31-3-907 FRED. OTT &amp; CO., Sub-Agents, Cairo.</p>
                        </div><div type="item" scope="advertisement" xml:id="deg-ad-jbc01">
                            <head>John B. Caffari's "Economical Stores"</head>
                            <p>Cairo and Alexandria</p>
                            <p>The Perfection of Quality and Value.</p>
                            <p>In Sterling Silver, "Welbeck" &amp; Silver Plated Goods</p>
                            <p>Provisions, Wines, Cigars, Crockery, Brushes, &amp;c., &amp;c., at</p>
                            <p>Price List on Application.</p>
                            <p>16-11-906</p>
                        </div><div type="item" scope="advertisement" xml:id="deg-ad-whc01">
                            <head>1890 The Old Blend of Whisky of the WHITE HORSE CELLAR from the Original
                                Recipe</head>
                            <p>N. Spathis.</p>
                            <p>Cairo &amp; Alexandria.</p>
                            <p>NB.--This Whisky is the same as supplied to the Red Cross Society, London, for
                                use by the invalided troops and hospitals in South Africa, to the House of Lords
                                and House of Commons.</p>
                    <p>18-1-907</p>
                        </div><div type="item" scope="advertisement" xml:id="deg-ad-jes01">
                            <head>Joseph Evans &amp; Sons.</head>
                            <p>Culwell Works.</p>
                            <p>Wolverhampton.</p>
                            <p>Makers of PUMPS and Pumping Machinery For all Purposes.</p>
                            <p>Irrigation Pumps.</p>
                            <p>Mining Pumps.</p>
                            <p>Boiler &amp; Pumps Combined.</p>
                            <p>Centrifugal Pumps.</p>
                            <p>Household Pumps.</p>
                            <p>Telgrams: EVANS, Wolverhampton.</p>
                            <p>Write for List No. 9.</p>
                            <p>251</p>
                        </div>
            <div type="page" n="3"> </div>
            <div type="page" n="4"> </div>
            <div type="page" n="5"> </div>
            <div type="page" n="6"> </div></div>
        <body/>
    </text>
</TEI>
